residue,residue_number,chain_id,b_factor
Q,1, ,3
N,31, ,2
A,33, ,2
N,35, ,2
G,44, ,5
L,45, ,5
E,46, ,5
W,47, ,5
G,50, ,2
I,51, ,2
I,52, ,2
P,53, ,2
M,54, ,2
F,55, ,2
G,56, ,2
T,57, ,2
A,58, ,2
K,59, ,2
Y,60, ,2
S,61, ,5
Q,65, ,2
V,68, ,2
A,69, ,2
I,70, ,2
S,99, ,2
R,100, ,1
D,101, ,1
L,102, ,1
L,103, ,1
L,104, ,1
F,105, ,1
P,106, ,1
H,107, ,3
H,108, ,3
A,109, ,3
S,111, ,3
L,128, ,5
T,129, ,5
S,135, ,4
V,136, ,4
A,137, ,4
L,138, ,4
G,139, ,4
L,151, ,1
R,152, ,1
S,153, ,1
Y,154, ,1
Y,155, ,1
A,156, ,1
Q,160, ,3
V,168, ,3
L,169, ,3
V,170, ,3
Y,172, ,3
K,174, ,1
N,176, ,3
P,178, ,3
G,180, ,3
I,181, ,3
P,182, ,3
F,185, ,3
G,191, ,1
A,194, ,1
Q,202, ,4
A,203, ,4
Y,209, ,3
R,214, ,2
N,219, ,1
H,220, ,5
W,221, ,5
V,222, ,5
F,223, ,5
G,224, ,5
T,230, ,4
V,231, ,4
L,232, ,4
X,233, ,4
